{"cameraMode":{"drawMode":0,"name":"Shaded","section":"Shading Mode"},"sceneLighting":true,"audioPlay":false,"sceneViewState":{"showFog":false,"showMaterialUpdate":true,"showSkybox":true,"showFlares":true,"showImageEffects":true,"showParticleSystems":true},"in2DMode":false,"pivot":{"x":49.48151779174805,"y":-54.69548034667969,"z":-37.267303466796878},"rotation":{"x":-0.305076539516449,"y":-0.6309184432029724,"z":0.2970789670944214,"w":-0.6487618684768677},"size":79.7635269165039,"orthographic":false}